{"cameraMode":{"drawMode":0,"name":"Shaded","section":"Shading Mode"},"sceneLighting":true,"audioPlay":false,"sceneViewState":{"showFog":true,"showMaterialUpdate":false,"showSkybox":true,"showFlares":true,"showImageEffects":true,"showParticleSystems":true},"in2DMode":false,"pivot":{"x":5.611799240112305,"y":8.315037727355957,"z":-9.346314430236817},"rotation":{"x":-0.05535589158535004,"y":-0.12308205664157868,"z":0.006876327097415924,"w":-0.9908275604248047},"size":14.228121757507325,"orthographic":false}