{"cameraMode":{"drawMode":0,"name":"Shaded","section":"Shading Mode"},"sceneLighting":true,"audioPlay":false,"sceneViewState":{"showFog":true,"showMaterialUpdate":false,"showSkybox":true,"showFlares":true,"showImageEffects":true,"showParticleSystems":true},"in2DMode":false,"pivot":{"x":17.523332595825197,"y":-10.868019104003907,"z":-47.109100341796878},"rotation":{"x":0.0010233699576929212,"y":0.9770056009292603,"z":-0.2131594717502594,"w":0.004690160974860191},"size":71.50679779052735,"orthographic":false}