{"cameraMode":{"drawMode":0,"name":"Shaded","section":"Shading Mode"},"sceneLighting":true,"audioPlay":false,"sceneViewState":{"showFog":true,"showMaterialUpdate":false,"showSkybox":true,"showFlares":true,"showImageEffects":true,"showParticleSystems":true},"in2DMode":false,"pivot":{"x":28.715837478637697,"y":-13.393255233764649,"z":-60.599632263183597},"rotation":{"x":0.016302861273288728,"y":0.9830490350723267,"z":-0.14586977660655976,"w":0.10986775159835816},"size":75.3246841430664,"orthographic":false}